AFBI001.jpg',0
AFBI002.jpg',0
AFBI003.jpg',0
AFBI004.jpg',0
AFBI005.jpg',0
AFBI006.jpg',0
AFBI008.jpg',0
AFBI009.jpg',0
AFBI010.jpg',0
AFBI011.jpg',0
AFBI012.jpg',0
AFBI013.jpg',1
AFBI014.jpg',0
AFBI016.jpg',1
AFBI017.jpg',0
AFBI018.jpg',1
AFBI019.jpg',0
AFBI021.jpg',0
AFBI022.jpg',0
AFBI023.jpg',0
AFBI024.jpg',0
AFBI025.jpg',0
AFBI027.jpg',0
AFBI028.jpg',0
AFBI029.jpg',1
AFBI030.jpg',0
AFBI031.jpg',0
AFBI033.jpg',0
AFBI034.jpg',1
AFBI036.jpg',0
AFBI039.jpg',1
AFBI041.jpg',1
AFBI042.jpg',1
AFBI043.jpg',1
AFBI045.jpg',0
AFBI047.jpg',1
AFBI048.jpg',0
AFBI049.jpg',0
AFBI050.jpg',0
AFBI051.jpg',0
AFBI052.jpg',1
AFBI053.jpg',0
AFBI054.jpg',0
AFBI057.jpg',0
AFBI058.jpg',0
AFBI059.jpg',0
AFBI060.jpg',0
AFBI061.jpg',0
AFBI062.jpg',0
AFBI063.jpg',0
AFBI064.jpg',0
AFBI065.jpg',0
AFBI066.jpg',0
AFBI067.jpg',0
AFBI068.jpg',0
AFBI070.jpg',0
AFBI071.jpg',0
AFBI072.jpg',0
AFBI073.jpg',0
AFBI074.jpg',0
AFBI075.jpg',0
AFBI076.jpg',0
AFBI077.jpg',0
AFBI078.jpg',0
AFBI079.jpg',0
AFBI080.jpg',0
AFBI081.jpg',0
AFBI082.jpg',0
AFBI083.jpg',0
AFBI084.jpg',0
AFBI085.jpg',0
AFBI086.jpg',0
AFBI087.jpg',0
AFBI088.jpg',0
AFBI089.jpg',0
AFBI090.jpg',0
AFBI091.jpg',0
AFBI092.jpg',0
AFBI093.jpg',0
AFBI094.jpg',0
AFBI095.jpg',0
AFBI097.jpg',1
AFBI098.jpg',1
AFBI099.jpg',1
AFBI100.jpg',1
AFBI101.jpg',2
AFBI102.jpg',2
AFBI104.jpg',1
AFBI105.jpg',1
AFBI106.jpg',1
AFBI107.jpg',1
AFBI108.jpg',1
AFBI109.jpg',0
AFBI110.jpg',1
AFBI111.jpg',0
AFBI113.jpg',0
AFBI114.jpg',0
AFBI115.jpg',0
AFBI116.jpg',0
AFBI117.jpg',0
AFBI118.jpg',0
AFBI119.jpg',0
AFBI120.jpg',0
AFBI121.jpg',0
AFBI122.jpg',0
AFBI123.jpg',0
AFBI125.jpg',0
AFBI126.jpg',0
AFBI127.jpg',0
AFBI128.jpg',0
AFBI131.jpg',0
AFBI132.jpg',0
AFBI133.jpg',0
AFBI134.jpg',0
AFBI135.jpg',0
AFBI136.jpg',0
AFBI137.jpg',1
AFBI138.jpg',0
AFBI139.jpg',1
AFBI140.jpg',0
AFBI141.jpg',0
AFBI142.jpg',0
AFBI143.jpg',0
AFBI144.jpg',0
AFBI146.jpg',0
AFBI147.jpg',0
AFBI148.jpg',0
AFBI149.jpg',0
AFBI150.jpg',0
AFBI152.jpg',0
AFBI153.jpg',0
AFBI157.jpg',0
AFBI158.jpg',0
AFBI159.jpg',0
AFBI160.jpg',0
AFBI161.jpg',0
AFBI162.jpg',0
AFBI163.jpg',0
AFBI164.jpg',0
AFBI165.jpg',0
AFBI166.jpg',0
AFBI167.jpg',0
AFBI168.jpg',0
AFBI169.jpg',0
AFBI170.jpg',0
AFBI171.jpg',0
AFBI172.jpg',0
AFBI173.jpg',0
AFBI174.jpg',0
AFBI175.jpg',0
AFBI176.jpg',0
AFBI177.jpg',0
AFBI178.jpg',0
AFBI179.jpg',0
AFBI180.jpg',1
AFBI181.jpg',1
AFBI183.jpg',0
AFBI184.jpg',0
AFBI185.jpg',0
AFBI186.jpg',0
AFBI187.jpg',0
AFBI188.jpg',0
AFBI189.jpg',0
AFBI190.jpg',0
AFBI191.jpg',0
AFBI192.jpg',0
AFBI193.jpg',0
AFBI194.jpg',1
AFBI195.jpg',0
AFBI196.jpg',0
AFBI197.jpg',0
AFBI198.jpg',0
AFBI199.jpg',1
AFBI200.jpg',0
AFBI201.jpg',0
AFBI202.jpg',0
AFBI203.jpg',1
AFBI204.jpg',0
AFBI207.jpg',0
AFBI208.jpg',1
AFBI209.jpg',1
AFBI210.jpg',1
AFBI211.jpg',0
AFBI212.jpg',0
AFBI213.jpg',0
AFBI214.jpg',0
AFBI215.jpg',1
AFBI216.jpg',1
AFBI217.jpg',1
AFBI218.jpg',1
AFBI219.jpg',1
AFBI223.jpg',0
AFBI224.jpg',0
AFBI225.jpg',0
AFBI226.jpg',0
AFBI227.jpg',0
AFBI228.jpg',0
AFBI229.jpg',0
AFBI230.jpg',0
AFBI231.jpg',0
AFBI232.jpg',0
AFBI233.jpg',0
AFBI234.jpg',0
AFBI235.jpg',0
AFBI236.jpg',0
AFBI237.jpg',0
AFBI238.jpg',0
AFBI239.jpg',0
AFBI240.jpg',2
AFBI241.jpg',2
AFBI242.jpg',2
AFBI244.jpg',0
AFBI245.jpg',0
AFBI246.jpg',0
AFBI247.jpg',0
AFBI248.jpg',0
AFBI249.jpg',0
AFBI250.jpg',0
AFBI252.jpg',0
AFBI254.jpg',0
AFBI255.jpg',0
AFBI256.jpg',0
AFBI257.jpg',0
AFBI258.jpg',0
AFBI259.jpg',0
AFBI260.jpg',0
AFBI261.jpg',0
AFBI262.jpg',0
AFBI263.jpg',0
AFBI264.jpg',0
AFBI265.jpg',0
AFBI266.jpg',0
AFBI267.jpg',0
AFBI268.jpg',0
AFBI269.jpg',0
AFBI270.jpg',0
AFBI271.jpg',0
AFBI272.jpg',0
AFBI273.jpg',0
AFBI274.jpg',0
AFBI275.jpg',0
AFBI276.jpg',0
AFBI277.jpg',0
AFBI278.jpg',0
AFBI279.jpg',0
AFBI280.jpg',0
AFBI281.jpg',0
AFBI282.jpg',0
AFBI283.jpg',0
AFBI284.jpg',0
AFBI285.jpg',0
AFBI286.jpg',0
AFBI287.jpg',0
AFBI288.jpg',2
AFBI289.jpg',2
AFBI290.jpg',2
AFBI291.jpg',2
AFBI292.jpg',2
AFBI293.jpg',2
AFBI294.jpg',2
AFBI295.jpg',3
AFBI299.jpg',2
AFBI300.jpg',1
AFBI301.jpg',1
AFBI302.jpg',0
AFBI303.jpg',1
AFBI304.jpg',0
AFBI305.jpg',0
AFBI306.jpg',0
AFBI307.jpg',1
AFBI308.jpg',0
AFBI309.jpg',0
AFBI310.jpg',0
AFBI311.jpg',1
AFBI312.jpg',0
AFBI313.jpg',1
AFBI315.jpg',0
AFBI316.jpg',0
AFBI317.jpg',0
AFBI324.jpg',0
AFBI325.jpg',0
AFBI326.jpg',0
AFBI327.jpg',0
AFBI328.jpg',0
AFBI329.jpg',0
AFBI330.jpg',0
AFBI331.jpg',0
AFBI332.jpg',0
AFBI333.jpg',0
AFBI334.jpg',0
AFBI335.jpg',0
AFBI336.jpg',1
AFBI337.jpg',1
AFBI338.jpg',1
AFBI339.jpg',1
AFBI340.jpg',1
AFBI341.jpg',1
AFBI342.jpg',1
AFBI343.jpg',0
AFBI344.jpg',0
AFBI345.jpg',0
AFBI346.jpg',0
AFBI347.jpg',1
AFBI348.jpg',0
AFBI349.jpg',0
AFBI350.jpg',0
AFBI351.jpg',1
AFBI352.jpg',0
AFBI353.jpg',1
AFBI354.jpg',0
AFBI355.jpg',0
AFBI356.jpg',1
AFBI357.jpg',0
AFBI358.jpg',0
AFBI359.jpg',0
AFBI361.jpg',1
AFBI362.jpg',1
AFBI363.jpg',2
AFBI366.jpg',0
AFBI367.jpg',0
AFBI368.jpg',2
AFBI369.jpg',0
AFBI370.jpg',0
AFBI371.jpg',0
AFBI372.jpg',1
AFBI373.jpg',1
AFBI374.jpg',0
AFBI377.jpg',0
AFBI378.jpg',0
AFBI379.jpg',0
AFBI380.jpg',0
AFBI381.jpg',0
AFBI382.jpg',0
AFBI383.jpg',0
AFBI384.jpg',0
AFBI385.jpg',0
AFBI387.jpg',0
AFBI388.jpg',0
AFBI390.jpg',1
AFBI391.jpg',0
AFBI392.jpg',0
AFBI393.jpg',0
AFBI394.jpg',0
AFBI395.jpg',0
AFBI396.jpg',0
AFBI397.jpg',0
AFBI398.jpg',1
AFBI399.jpg',0
AFBI400.jpg',0
AFBI401.jpg',0
AFBI402.jpg',0
AFBI403.jpg',0
AFBI404.jpg',0
AFBI405.jpg',0
AFBI406.jpg',0
AFBI407.jpg',0
AFBI408.jpg',0
AFBI409.jpg',0
AFBI410.jpg',0
AFBI411.jpg',0
AFBI412.jpg',0
AFBI413.jpg',0
AFBI414.jpg',0
AFBI415.jpg',0
AFBI416.jpg',0
AFBI417.jpg',0
AFBI418.jpg',0
AFBI419.jpg',1
AFBI420.jpg',2
AFBI421.jpg',1
AFBI422.jpg',0
AFBI423.jpg',0
AFBI425.jpg',1
AFBI426.jpg',0
AFBI427.jpg',1
AFBI429.jpg',0
AFBI430.jpg',0
AFBI431.jpg',2
AFBI432.jpg',1
AFBI433.jpg',1
AFBI435.jpg',0
AFBI436.jpg',0
AFBI437.jpg',1
AFBI438.jpg',1
AFBI441.jpg',2
AFBI442.jpg',0
AFBI443.jpg',0
AFBI445.jpg',1
AFBI446.jpg',0
AFBI447.jpg',0
AFBI448.jpg',0
AFBI449.jpg',0
AFBI450.jpg',0
AFBI451.jpg',1
AFBI452.jpg',0
AFBI454.jpg',1
AFBI455.jpg',1
AFBI456.jpg',0
AFBI457.jpg',0
AFBI458.jpg',2
AFBI459.jpg',1
AFBI460.jpg',1
AFBI461.jpg',0
AFBI462.jpg',0
AFBI464.jpg',0
AFBI465.jpg',0
AFBI466.jpg',1
AFBI467.jpg',0
AFBI468.jpg',1
AFBI469.jpg',1
AFBI470.jpg',1
AFBI471.jpg',1
AFBI472.jpg',1
AFBI473.jpg',1
AFBI474.jpg',1
AFBI475.jpg',1
AFBI479.jpg',1
AFBI480.jpg',0
AFBI481.jpg',0
AFBI482.jpg',0
AFBI483.jpg',1
AFBI484.jpg',1
AFBI485.jpg',1
AFBI486.jpg',2
AFBI488.jpg',1
AFBI489.jpg',0
AFBI492.jpg',1
AFBI493.jpg',0
AFBI495.jpg',1
AFBI496.jpg',0
AFBI497.jpg',2
AFBI498.jpg',0
AFBI499.jpg',0
