AUPF001.jpg',0
AUPF003.jpg',0
AUPF004.jpg',0
AUPF005.jpg',0
AUPF006.jpg',0
AUPF007.jpg',0
AUPF008.jpg',0
AUPF011.jpg',1
AUPF012.jpg',1
AUPF013.jpg',1
AUPF015.jpg',1
AUPF016.jpg',1
AUPF017.jpg',0
AUPF018.jpg',0
AUPF019.jpg',0
AUPF020.jpg',1
AUPF021.jpg',1
AUPF022.jpg',1
AUPF023.jpg',1
AUPF024.jpg',1
AUPF025.jpg',1
AUPF026.jpg',1
AUPF028.jpg',0
AUPF029.jpg',0
AUPF030.jpg',1
AUPF031.jpg',0
AUPF032.jpg',1
AUPF033.jpg',0
AUPF034.jpg',0
AUPF035.jpg',1
AUPF036.jpg',1
AUPF037.jpg',0
AUPF038.jpg',0
AUPF039.jpg',0
AUPF040.jpg',0
AUPF041.jpg',0
AUPF042.jpg',0
AUPF043.jpg',0
AUPF044.jpg',0
AUPF045.jpg',0
AUPF046.jpg',0
AUPF047.jpg',0
AUPF048.jpg',0
AUPF049.jpg',0
AUPF050.jpg',1
AUPF051.jpg',0
AUPF052.jpg',1
AUPF053.jpg',0
AUPF054.jpg',0
AUPF055.jpg',0
AUPF056.jpg',0
AUPF057.jpg',0
AUPF058.jpg',0
AUPF059.jpg',0
AUPF060.jpg',0
AUPF061.jpg',0
AUPF062.jpg',1
AUPF063.jpg',1
AUPF064.jpg',0
AUPF066.jpg',2
AUPF067.jpg',2
AUPF068.jpg',3
AUPF069.jpg',3
AUPF074.jpg',2
AUPF081.jpg',3
AUPF085.jpg',3
AUPF086.jpg',4
AUPF095.jpg',0
AUPF096.jpg',0
AUPF097.jpg',2
AUPF098.jpg',0
AUPF101.jpg',1
AUPF102.jpg',1
AUPF103.jpg',1
AUPF104.jpg',3
AUPF105.jpg',1
AUPF106.jpg',0
AUPF107.jpg',0
AUPF108.jpg',2
AUPF109.jpg',0
AUPF110.jpg',1
AUPF117.jpg',0
AUPF118.jpg',0
AUPF120.jpg',0
AUPF121.jpg',0
AUPF123.jpg',1
AUPF124.jpg',0
AUPF125.jpg',0
AUPF126.jpg',1
AUPF127.jpg',2
AUPF128.jpg',1
AUPF129.jpg',1
AUPF130.jpg',1
AUPF131.jpg',1
AUPF132.jpg',1
AUPF133.jpg',0
AUPF134.jpg',0
AUPF135.jpg',1
AUPF136.jpg',0
AUPF137.jpg',0
AUPF138.jpg',1
AUPF139.jpg',1
AUPF140.jpg',1
AUPF141.jpg',0
AUPF143.jpg',0
AUPF152.jpg',0
AUPF153.jpg',1
AUPF157.jpg',1
AUPF158.jpg',0
AUPF159.jpg',0
AUPF160.jpg',0
AUPF161.jpg',1
AUPF162.jpg',1
AUPF163.jpg',1
AUPF164.jpg',1
AUPF166.jpg',1
AUPF167.jpg',2
AUPF168.jpg',2
AUPF169.jpg',2
AUPF170.jpg',0
AUPF171.jpg',1
AUPF172.jpg',0
AUPF173.jpg',1
AUPF174.jpg',0
AUPF176.jpg',1
AUPF177.jpg',0
AUPF180.jpg',1
AUPF181.jpg',2
AUPF182.jpg',2
AUPF186.jpg',1
AUPF189.jpg',2
AUPF190.jpg',3
AUPF191.jpg',0
AUPF192.jpg',1
AUPF193.jpg',0
AUPF194.jpg',2
AUPF196.jpg',1
AUPF197.jpg',0
AUPF198.jpg',0
AUPF199.jpg',0
AUPF200.jpg',1
AUPF201.jpg',0
AUPF202.jpg',0
AUPF203.jpg',0
AUPF204.jpg',0
AUPF205.jpg',0
AUPF206.jpg',0
AUPF207.jpg',0
AUPF208.jpg',0
AUPF210.jpg',0
AUPF212.jpg',1
AUPF213.jpg',0
AUPF222.jpg',1
AUPF223.jpg',1
AUPF224.jpg',1
AUPF225.jpg',1
AUPF227.jpg',1
AUPF228.jpg',0
AUPF229.jpg',1
AUPF230.jpg',1
AUPF231.jpg',1
AUPF233.jpg',2
AUPF238.jpg',2
AUPF239.jpg',1
AUPF240.jpg',3
AUPF241.jpg',2
AUPF242.jpg',2
AUPF243.jpg',1
AUPF245.jpg',0
AUPF246.jpg',0
AUPF247.jpg',0
AUPF248.jpg',2
AUPF249.jpg',2
AUPF250.jpg',2
AUPF252.jpg',2
AUPF253.jpg',2
AUPF255.jpg',3
AUPF256.jpg',4
AUPF257.jpg',4
AUPF259.jpg',4
AUPF260.jpg',3
AUPF261.jpg',4
AUPF265.jpg',1
AUPF266.jpg',0
AUPF267.jpg',0
AUPF268.jpg',0
AUPF269.jpg',0
AUPF270.jpg',0
AUPF271.jpg',0
AUPF272.jpg',1
AUPF274.jpg',0
AUPF275.jpg',0
AUPF276.jpg',0
AUPF277.jpg',1
AUPF278.jpg',0
AUPF279.jpg',0
AUPF282.jpg',0
AUPF283.jpg',1
AUPF284.jpg',0
AUPF285.jpg',0
AUPF286.jpg',0
AUPF287.jpg',0
AUPF288.jpg',1
AUPF289.jpg',0
AUPF291.jpg',1
AUPF292.jpg',0
AUPF293.jpg',1
AUPF295.jpg',1
AUPF296.jpg',0
AUPF297.jpg',0
AUPF298.jpg',0
AUPF299.jpg',0
AUPF302.jpg',0
AUPF303.jpg',1
AUPF304.jpg',0
AUPF305.jpg',0
AUPF306.jpg',1
AUPF309.jpg',1
AUPF310.jpg',2
AUPF312.jpg',0
AUPF315.jpg',0
AUPF316.jpg',1
AUPF320.jpg',1
AUPF321.jpg',0
AUPF329.jpg',0
AUPF331.jpg',1
AUPF334.jpg',1
AUPF336.jpg',0
AUPF342.jpg',1
AUPF347.jpg',3
AUPF349.jpg',1
AUPF354.jpg',0
AUPF355.jpg',0
AUPF356.jpg',2
AUPF357.jpg',1
AUPF358.jpg',1
AUPF359.jpg',1
AUPF361.jpg',2
AUPF362.jpg',2
AUPF363.jpg',1
AUPF364.jpg',2
AUPF366.jpg',1
AUPF368.jpg',0
AUPF369.jpg',0
AUPF374.jpg',1
AUPF376.jpg',1
AUPF378.jpg',2
AUPF380.jpg',1
AUPF381.jpg',1
AUPF382.jpg',1
AUPF383.jpg',0
AUPF384.jpg',1
AUPF387.jpg',1
AUPF388.jpg',1
AUPF395.jpg',1
AUPF399.jpg',1
AUPF402.jpg',0
AUPF403.jpg',1
AUPF405.jpg',1
AUPF407.jpg',1
AUPF408.jpg',2
AUPF409.jpg',1
AUPF410.jpg',1
AUPF412.jpg',1
AUPF413.jpg',2
AUPF414.jpg',2
AUPF415.jpg',3
AUPF417.jpg',1
AUPF418.jpg',2
AUPF422.jpg',1
AUPF425.jpg',1
AUPF428.jpg',0
AUPF430.jpg',1
AUPF434.jpg',1
AUPF448.jpg',1
AUPF449.jpg',1
AUPF453.jpg',0
AUPF456.jpg',1
AUPF457.jpg',0
AUPF458.jpg',1
AUPF461.jpg',2
AUPF462.jpg',2
AUPF463.jpg',1
AUPF468.jpg',1
AUPF469.jpg',1
AUPF470.jpg',1
AUPF472.jpg',0
AUPF475.jpg',1
AUPF476.jpg',0
AUPF477.jpg',0
AUPF481.jpg',0
AUPF483.jpg',0
AUPF484.jpg',0
AUPF485.jpg',0
AUPF486.jpg',1
AUPF487.jpg',1
AUPF490.jpg',1
AUPF491.jpg',0
AUPF492.jpg',1
AUPF493.jpg',0
AUPF494.jpg',0
AUPF495.jpg',0
AUPF497.jpg',1
AUPF499.jpg',1
AUPF500.jpg',1
